TitleCode,TitleDescription
40001,*ADM SCHOOL SECURITY MANAGER-U
40002,*ADMIN SCHL SECUR MGR-MGL
40003,*AGENCY ATTORNEY
40004,*ASSISTANT ADVOCATE-PD
40005,*ASSOCIATE EDUCATION OFFICER
40006,*ATTORNEY AT LAW
40007,*CERTIFIED DATABASE ADMINISTRATOR
40008,*CERTIFIED LOCAL AREA NETWORK ADMINISTRATOR
40009,*CERTIFIED WIDE AREA NETWORK ADMINISTRATOR
40010,*COOK
40011,*CUSTODIAL ASSISTANT
40012,*SENIOR COOK
40013,12 MONTH SPECIAL EDUCATION ASST. PRINCIPAL
40014,12 MONTH SPECIAL EDUCATION SUPERVISOR
40015,ACCOUNTANT
40016,ACTUARIAL SPECIALIST LEVEL I
40017,ADJUNCT ASSISTANT PROFESSOR
40018,ADJUNCT ASSOCIATE PROFESSOR
40019,ADJUNCT COLLEGE LAB TECH
40020,ADJUNCT LECTURER
40021,ADJUNCT PROFESSOR
40022,ADM MANAGER-NON-MGRL
40023,ADMIN ASST-CAMPAIGN FIN BOARD
40024,ADMIN COMMUNITY RELATIONS SPECIALIST
40025,ADMIN CONSTRUCTION PROJECT MANAGER
40026,ADMIN CONTRACT SPECIALIST
40027,ADMIN INSPECTOR
40028,ADMIN JOB OPOR SPEC-MANAGERIAL
40029,ADMIN JOB OPPORTUNITY SPEC NM
40030,ADMIN LANDMARKS PRESERVATIONIST
40031,ADMIN TESTS & MEAS SPEC
40032,ADMIN TRAFFIC ENF AGNT-UNION
40033,ADMIN TRAFFIC ENFRCMNT AGENT
40034,ADMINISTRATIIVE TAXI & LIMOUSINE INSPECTOR
40035,ADMINISTRATIVE  PROGRAM OFFICER
40036,ADMINISTRATIVE ACCOUNTANT
40037,ADMINISTRATIVE ACTUARY
40038,ADMINISTRATIVE ARCHITECT
40039,ADMINISTRATIVE ASSESSOR
40040,ADMINISTRATIVE ASSISTANT
40041,ADMINISTRATIVE ASSISTANT TO COMMUNITY EDUCATION COUNCIL
40042,ADMINISTRATIVE ASSISTANT TO THE COMPTROLLER
40043,ADMINISTRATIVE ASSISTANT TO THE MAYOR
40044,ADMINISTRATIVE ASSOCIATE
40045,ADMINISTRATIVE BUSINESS PROMOTION COORDINATOR
40046,ADMINISTRATIVE CITY PLANNER
40047,ADMINISTRATIVE CLAIM EXAMINER
40048,ADMINISTRATIVE COMMUNITY RELATIONS SPECIALIST
40049,ADMINISTRATIVE CONSTRUCTION PROJECT MANAGER
40050,ADMINISTRATIVE CONTRACT SPECIALIST
40051,ADMINISTRATIVE DIRECTOR OF MARINE MAINTENANCE
40052,ADMINISTRATIVE DIRECTOR OF RESIDENTIAL CHILD CARE
40053,ADMINISTRATIVE DIRECTOR OF SOCIAL SERVICES
40054,ADMINISTRATIVE EDUCATION ANALYST
40055,ADMINISTRATIVE EDUCATION OFFICER
40056,ADMINISTRATIVE ENGINEER
40057,ADMINISTRATIVE FIRE PROTECTION INSPECTOR
40058,ADMINISTRATIVE GRAPHIC ARTIST
40059,ADMINISTRATIVE INSPECTOR
40060,ADMINISTRATIVE INVESTIGATOR
40061,ADMINISTRATIVE JUVENILE COUNSELOR
40062,ADMINISTRATIVE LABOR RELATIONS ANALYST
40063,ADMINISTRATIVE LANDMARKS PRESERVATIONIST
40064,ADMINISTRATIVE MANAGEMENT AUDITOR
40065,ADMINISTRATIVE MANAGER
40066,ADMINISTRATIVE NUTRITIONIST
40067,ADMINISTRATIVE PRINTING SERVICES MANAGER
40068,ADMINISTRATIVE PROCUREMENT ANALYST
40069,ADMINISTRATIVE PROCUREMENT ANALYST-NON-MGRL
40070,ADMINISTRATIVE PROJECT MANAGER
40071,ADMINISTRATIVE PSYCHOLOGIST
40072,ADMINISTRATIVE PUBLIC HEALTH NURSE
40073,ADMINISTRATIVE PUBLIC HEALTH SANITARIAN
40074,ADMINISTRATIVE PUBLIC INFORMATION SPECIALIST
40075,ADMINISTRATIVE PUBLIC RECORDS OFFICER
40076,ADMINISTRATIVE QUALITY ASSURANCE SPECIALIST
40077,ADMINISTRATIVE REAL PROPERTY MANAGER
40078,ADMINISTRATIVE RETIREMENT BENEFITS SPECIALIST
40079,ADMINISTRATIVE RETIREMENTS BENEFITS SPECIALIST
40080,ADMINISTRATIVE SPACE ANALYST
40081,ADMINISTRATIVE STAFF ANALYST
40082,ADMINISTRATIVE STOREKEEPER
40083,ADMINISTRATIVE SUPERVISOR OF BUILDING MAINTENANCE
40084,ADMINISTRATIVE TRANSPORTATION COORDINATOR
40085,ADMINISTRATOR
40086,ADULT EDUCAT TEACH - REG SUB
40087,ADULT EDUCATION TEACHER
40088,AGENCY ATTORNEY
40089,AGENCY ATTORNEY INTERNE
40090,AGENCY CHIEF CONTRACTING OFFICER
40091,AGENCY DEPUTY MEDICAL DIRECTOR
40092,ANALYST
40093,APPRAISER
40094,ARCHITECT
40095,ARCHITECTURAL INTERN
40096,AREA MANAGER OF SCHOOL MAINTENANCE
40097,ARTS PROGRAM SPECIALIST
40098,ASBESTOS HANDLER
40099,ASBESTOS HANDLER SUPERVISOR
40100,ASSISTANCE FINANCE OFFICER
40101,ASSISTANT ADMINISTRATOR
40102,ASSISTANT ARCHITECT
40103,ASSISTANT BUDGET ANALYST
40104,ASSISTANT CHIEF FIRE MARSHAL
40105,ASSISTANT CHIEF OF DEPARTMENT
40106,ASSISTANT CITY ASSESSOR
40107,ASSISTANT CIVIL ENGINEER
40108,ASSISTANT COLLEGE SECURITY DIRECTOR
40109,ASSISTANT COMISSIONER FOR FAMILY OPERATIONS
40110,ASSISTANT COMMISSIONER
40111,ASSISTANT COMMISSIONER FOR AFTERCARE & PREVENTIVE SVCS
40112,ASSISTANT COMMISSIONER FOR FACILITIES OPERATIONS
40113,ASSISTANT COMMISSIONER FOR MANAGEMENT ACD-DOSS
40114,ASSISTANT COMMISSIONER OF LABOR RELATIONS
40115,ASSISTANT CORPORATION COUNSEL
40116,ASSISTANT COUNSEL
40117,ASSISTANT COUNSEL-PD
40118,ASSISTANT DEAN
40119,ASSISTANT DEPUTY ADMINISTRATOR
40120,ASSISTANT DEPUTY COMMISSIONER
40121,ASSISTANT DEPUTY COMMISSIONER SS
40122,ASSISTANT DIRECTOR OF ADMINISTRATION
40123,ASSISTANT DIRECTOR OF LEGAL SERVICES
40124,ASSISTANT DISTRICT MANAGER
40125,ASSISTANT ELECTRICAL ENGINEER
40126,ASSISTANT ENVIRONMENTAL ENGINEER
40127,ASSISTANT EXECUTIVE DIRECTOR
40128,ASSISTANT LEGISLATIVE REPRESENTATIVE
40129,ASSISTANT MECHANICAL ENGINEER
40130,ASSISTANT PRINCIPAL
40131,ASSISTANT PRINCIPAL ASSIGNED
40132,ASSISTANT PROFESSOR
40133,ASSISTANT PURCHASING AGENT
40134,ASSISTANT RETIREMENT BENEFITS EXAMINER
40135,ASSISTANT SECRETARY TO THE COMPTROLLER
40136,ASSISTANT SERGEANT AT ARMS
40137,ASSISTANT SUPERINTENDENT
40138,ASSISTANT SUPERINTENDENT OF WELFARE SHELTERS
40139,ASSISTANT SUPERVISING CHIEF SURGEON
40140,ASSISTANT TO DEPUTY COMPTROLLER
40141,ASSISTANT TO HEO
40142,ASSISTANT TO POLICE COMMISSIONOR
40143,ASSISTANT TO THE COMPTROLLER
40144,ASSISTANT TO THE DEPUTY MAYOR
40145,ASSISTANT TO THE MAYOR
40146,ASSISTANT TO THE PRESIDENT
40147,ASSISTANT TO THE PUBLIC ADVOCATE
40148,ASSISTANT TRANSPORTATION SPECIALIST
40149,ASSISTANT URBAN DESIGNER
40150,ASSISTANT VICE PRESIDENT
40151,ASSOC SPVR OF SCHOOL SECURITY
40152,ASSOC SUPVR OF SCHL SEC
40153,ASSOCIATE ADMINISTRATOR
40154,ASSOCIATE ARTS PROGRAMS SPECIALIST
40155,ASSOCIATE COMMISSIONER FOR ADULT SERVICES
40156,ASSOCIATE COMMISSIONER FOR EMPLOYMENT SERVICE
40157,ASSOCIATE CONTRACT SPECIALIST
40158,ASSOCIATE CORRECTIONAL COUNSELOR
40159,ASSOCIATE COUNSEL
40160,ASSOCIATE DEAN
40161,ASSOCIATE EDUCATION ANALYST
40162,ASSOCIATE FINGERPRINT TECHNICIAN
40163,ASSOCIATE FIRE PROTECTION INSPECTOR
40164,ASSOCIATE FRAUD INVESTIGATOR
40165,ASSOCIATE HOUSING DEVELOPMENT SPECIALIST
40166,ASSOCIATE HUMAN RIGHTS SPECIALIST
40167,ASSOCIATE INSPECTOR
40168,ASSOCIATE INVESTIGATOR
40169,ASSOCIATE JOB OPPORTUNITY SPECIALIST
40170,ASSOCIATE LABOR RELATIONS ANALYST
40171,ASSOCIATE PARKING CONTROL SPECIALIST
40172,ASSOCIATE PROFESSOR
40173,ASSOCIATE PROJECT MANAGER
40174,ASSOCIATE PUBLIC HEALTH SANITARIAN
40175,ASSOCIATE PUBLIC INFORMATION SPECIALIST
40176,ASSOCIATE PUBLIC RECORDS OFFICER
40177,ASSOCIATE QUALITY ASSURANCE SPECIALIST
40178,ASSOCIATE RETIREMENT BENEFITS EXAMINER
40179,ASSOCIATE STAFF ANALYST
40180,ASSOCIATE TAXI & LIMOUSINE INSPECTOR
40181,ASSOCIATE TRAFFIC ENFORCEMENT AGENT
40182,ASSOCIATE URBAN DESIGNER
40183,ASSOCIATE YOUTH DEVELOPMENT SPECIALIST
40184,ASST COMMISSIONER FOR PUBLIC & LEGIS AFFAIRS
40185,ASST DIR OF INTERGVNMENTAL RELTNS FOR THE ALBANY OFFICE
40186,ATTENDING PHYSICIAN
40187,ATTORNEY AT LAW
40188,ATTORNEY-CAMPAIGN FIN BOARD
40189,AUTO  MACHINIST
40190,AUTO BODY WORKER
40191,AUTO MECHANIC
40192,AUTOMOTIVE SERVICE WORKER
40193,BAKER
40194,BATTALION CHIEF
40195,BOOKBINDER
40196,BOOKKEEPER
40197,BOROUGH PRESIDENT
40198,BRICKLAYER
40199,BUDGET ANALYST
40200,BUSINESS DATA AND REPORTING ANALYST
40201,BUSINESS PROMOTION COORDINATOR
40202,CAMPUS PEACE OFFICER
40203,CAMPUS PUBLIC SAFETY SERGEANT
40204,CAMPUS SECURITY ASSISTANT
40205,CAPT DET CHIEF OF DEPARTMENT
40206,CAPT DET CHIEF OF THE HOUSING BUREAU
40207,CAPTAIN
40208,CAPTAIN CHIEF OF COUNTERTERRORISM
40209,CAPTAIN D/A DEPUTY CHIEF INSPECTOR
40210,CAPTAIN D/A DEPUTY INSPECTOR
40211,CAPTAIN D/A INSPECTOR
40212,CAPTAIN DETAILED AS ASSISTANT CHIEF INSPECTOR
40213,CAPTAIN DETAILED AS CHIEF OF CRIME CONTROL STRATEGIES
40214,CAPTAIN DETAILED AS CHIEF OF DETECTIVES
40215,CAPTAIN DETAILED AS CHIEF OF SPECIAL OPERATIONS
40216,CAPTAIN DETAILED AS CHIEF OF STRATEGIC INITIATIVES
40217,CAPTAIN DETAILED AS CHIEF OF TRAINING
40218,CAPTAIN: CHIEF OF TRANSPORTATION BUREAU
40219,CAPTAIN-CHIEF OF COMMUNITY AFFAIRS
40220,CAPTAIN-CHIEF OF INTELLIGENCE
40221,CAPTAIN-MANAGERIAL DETAILS
40222,CARPENTER
40223,CASE - MANAGEMENT NURSE
40224,CASE MANAGEMENT NURSE
40225,CASEWORKER
40226,CASHIER
40227,CEMENT MASON
40228,CERTIFIED IT ADMINISTRATOR
40229,CERTIFIED IT DEVELOPER
40230,CHAIR-LANDMARKS PRESERVATION COMMISSION
40231,CHAIRMAN
40232,CHAIRMAN COMMISSION ON HUMAN RIGHTS
40233,CHANCELLOR
40234,CHAPLAIN
40235,CHAUFFEUR ATTENDANT
40236,CHAUFFEUR-ATTENDANT
40237,CHIEF ACTUARY
40238,CHIEF ADMINISTRATOR OF IMPARTIAL HEARINGS
40239,CHIEF CLERK
40240,CHIEF COLLEGE LAB TECHNICIAN
40241,CHIEF FIRE MARSHAL
40242,CHIEF OF DEPARTMENT
40243,CHIEF OF STAFF
40244,CHIEF SERVICE OFFICER
40245,CHILD AND FAMILY SPECIALIST
40246,CHILD PROTECTIVE SPECIALIST
40247,CHILD PROTECTIVE SPECIALIST SUPERVISOR
40248,CHILD WELFARE SPECIALIST
40249,CHILD WELFARE SPECIALIST SUPERVISOR
40250,CITY ASSESSOR
40251,CITY ATTENDANT
40252,CITY CLERK & CLERK OF COUNCIL
40253,CITY CUSTODIAL ASSISTANT
40254,CITY ELEVATOR OPERATOR
40255,CITY LABORER
40256,CITY MEDICAL DIRECTOR
40257,CITY MEDICAL SPECIALIST
40258,CITY PLANNER
40259,CITY RESEARCH SCIENTIST
40260,CITY SERVICE AIDE
40261,CIVIL ENGINEER
40262,CLAIM SPECIALIST
40263,CLERICAL AIDE
40264,CLERICAL ASSOCIATE
40265,CLERK TO THE BOARD
40266,CLINICAL PROFESSOR
40267,CLIP INSTRUCTOR
40268,COLLEGE ACCOUNTANT
40269,COLLEGE ACCOUNTING ASSISTANT
40270,COLLEGE AIDE
40271,COLLEGE AIDE - ASSIGNMENT LEVELS II AND III
40272,COLLEGE ASSISTANT
40273,COLLEGE LAB TECHNICIAN
40274,COLLEGE PRINT SHOP ASSISTANT
40275,COLLEGE PRINT SHOP ASSOCIATE
40276,COLLEGE SECURITY DIRECTOR
40277,COLLEGE SECURITY SPECIALIST
40278,COMMISS OF THE OFF TO END DOMEST AND GEND BA VIOL
40279,COMMISSARY MANAGER
40280,COMMISSIONER
40281,COMMISSIONER DESIGNATED AS VICE CHAIRMAN
40282,COMMISSIONER OF CHILDREN'S SERVICES
40283,COMMISSIONER OF COMMUNITY DEVELOPMENT
40284,COMMISSIONER OF DEPARTMENT OF VETERAN'S SERVICES
40285,COMMISSIONER OF EMERGENCY MANAGEMENT
40286,COMMISSIONER OF LABOR RELATIONS
40287,COMMUNICATION ASSISTANT
40288,COMMUNICATION ELECTRICIAN
40289,COMMUNICATIONS DIRECTOR
40290,COMMUNITY ASSISTANT
40291,COMMUNITY ASSOCIATE
40292,COMMUNITY COORDINATOR
40293,COMMUNITY PLANNING BOARD COORDINATOR
40294,COMMUNITY SERVICE AIDE
40295,COMMUNITY SUPERTINDENT
40296,COMPOSITOR
40297,COMPTROLLER
40298,COMPUTER AIDE-NON-SPVR
40299,COMPUTER ASSOCIATE
40300,COMPUTER OPERATIONS MANAGER
40301,COMPUTER OPERATOR
40302,COMPUTER PROGRAMMER ANALYST
40303,COMPUTER SERVICE TECHNICIAN
40304,COMPUTER SPECIALIST
40305,COMPUTER SYSTEM MANAGER
40306,COMPUTER SYSTEMS MANAGER
40307,CONFIDENTIAL AGENCY INVESTIGATOR
40308,CONFIDENTIAL ASSISTANT TO THE COMPTROLLER
40309,CONFIDENTIAL ASST TO THE EXECUTIVE DIR
40310,CONFIDENTIAL INVESTIGATOR
40311,CONFIDENTIAL SECRETARY TO THE DEPUTY COMMISSIONER
40312,CONFIDENTIAL STRATEGY PLANNER
40313,CONGREG CARE SPEC - ACS
40314,CONGREG CARE SPEC- DJJ
40315,CONSTRUCTION PROJECT MANAGER
40316,CONSULTANT
40317,CONTINUING EDUCATION TEACHER
40318,CONTRACT SPECIALIST
40319,CORPORATION COUNSEL
40320,CORRECTION ADMINISTRATIVE AIDE
40321,CORRECTION OFFICER
40322,CORRECTIONAL STANDARDS REVIEW SPECIALIST
40323,COUNCIL MEMBER
40324,COUNCILMANIC AIDE
40325,COUNSEL
40326,COUNSEL TO THE BOROUGH PRESIDENT
40327,COUNSEL TO THE POLICE COMMISSIONER
40328,COUNSEL TO THE PUBLIC ADVOCATE
40329,COUNSELOR
40330,CRIME ANALYST
40331,CRIMINALIST
40332,CRIMINALIST ASSISTANT DIRECTOR OF LABORATORY
40333,CRIMINALIST DIRECTOR OF LABORATORY
40334,CSE CHAIRPERSON
40335,CUNY ADMINISTRATOR ASSISTANT
40336,CUNY ART MODEL
40337,CUNY CUSTODIAL ASSISTANT
40338,CUNY OFFICE ASSISTANT
40339,CUNY START INSTRUCTOR
40340,CUSTODIAL SUPERVISOR
40341,CUSTODIAN
40342,CUSTODIAN ENGINEER
40343,CUSTOMER INFORMATION REPRESENTATIVE MA L 1549
40344,CYBER SECURITY ANALYST
40345,DEAN
40346,DEP COMMISSIONER FOR COMMUNITY RELATIONS
40347,DEPARTMENT LIBRARIAN
40348,DEPUTY ASSISTANT CHIEF OF DEPARTMENT
40349,DEPUTY ASSISTANT COMMISSIONER
40350,DEPUTY ASSISTANT COUNSEL
40351,DEPUTY ASSISTANT DIRECTOR
40352,DEPUTY ASST ADMIN FOR PERSONNEL ADM & LABOR REL
40353,DEPUTY ASST COMMISSIONER FOR PROGRAM DEV & ANAL
40354,DEPUTY BOROUGH PRESIDENT
40355,DEPUTY CHANCELLOR
40356,DEPUTY CHIEF
40357,DEPUTY CHIEF CLERK
40358,DEPUTY CHIEF OF STAFF
40359,DEPUTY CHIEF SURGEON
40360,DEPUTY CITY CLERK
40361,DEPUTY COMMISIONER
40362,DEPUTY COMMISSIONER
40363,DEPUTY COMMISSIONER FOR LAW ENFORCEMENT
40364,DEPUTY COMMISSIONER OF IT
40365,DEPUTY COMMISSIONER OF LABOR RELATIONS
40366,DEPUTY DIRECTOR
40367,DEPUTY DIRECTOR- FINANCE
40368,DEPUTY DIRECTOR OF ADMIN WORKER'S COMP BENEFITS
40369,DEPUTY DIRECTOR OF ADMINISTRATION
40370,DEPUTY DIRECTOR OF LABOR RELATIONS
40371,DEPUTY DIRECTOR OF SECURITY
40372,DEPUTY DIRECTOR-LEGAL DIVISION
40373,DEPUTY DIRECTOR-OFFICE OF COMMUNICATIONS
40374,DEPUTY EXECUTIVE DIRECTOR
40375,DEPUTY EXECUTIVE DIRECTOR CAMPAIGN FINANCE BOARD
40376,DEPUTY GENERAL COUNSEL
40377,DEPUTY INSPECTOR GENERAL
40378,DEPUTY MAYOR
40379,DEPUTY OPERATION SUPPORT MANAGER
40380,DEPUTY REGIONAL SUPERINTENDENT
40381,DEPUTY SUPERINTENDENT
40382,DEPUTY UNIT CHIEF
40383,DIETARY AIDE
40384,DIETITIAN
40385,DIR OF HOME CARE SERVICES/FAMILY AND ADULT SERVICES
40386,DIR POLICY ECONOM RESRCH
40387,DIRECTOR
40388,DIRECTOR BOROUGH PRESIDENT'S OFFICE OF ADMINISTRATION QUEENS
40389,DIRECTOR LEGAL DIVISION/GEN COUNSEL& SPEC COUNSEL
40390,DIRECTOR OF  INVESTMENTS
40391,DIRECTOR OF ADMIN
40392,DIRECTOR OF ADVOCACY
40393,DIRECTOR OF COMMUNICATIONS
40394,DIRECTOR OF COMMUNITY ASSISTANCE UNIT
40395,DIRECTOR OF COMMUNITY PLANNING BOARDS
40396,DIRECTOR OF CORRECTIONAL STANDARDS REVIEW
40397,DIRECTOR OF COUNCIL SERVICES BUREAU
40398,DIRECTOR OF EEO
40399,DIRECTOR OF EQUIPMENT
40400,DIRECTOR OF FIELD OPERATIONS
40401,DIRECTOR OF FINANCE
40402,DIRECTOR OF FINANCING POLICY COORDINATION
40403,DIRECTOR OF FISCAL OPERATIONS
40404,DIRECTOR OF FOOD STAMP PROGRAM
40405,DIRECTOR OF INFORMATION AND RESEARCH
40406,DIRECTOR OF INTERNAL AFFAIRS - PD
40407,DIRECTOR OF LAND USE DIVISION
40408,DIRECTOR OF LEGISLATIVE COORDINATION
40409,DIRECTOR OF MANAGEMENT & BUDGET
40410,DIRECTOR OF MANAGEMENT DESIGN
40411,DIRECTOR OF MANAGEMENT PLANNING
40412,DIRECTOR OF MANAGEMENT PLANNING SS
40413,DIRECTOR OF PHOTOGRAPHIC SERVICES-PD
40414,DIRECTOR OF POLICY ANALYSIS
40415,DIRECTOR OF PROGRAM PLANNING
40416,DIRECTOR OF PSYCHOLOGICAL SERVICES
40417,DIRECTOR OF PUBLIC AFFAIRS
40418,DIRECTOR OF PUBLIC INFORMATION
40419,DIRECTOR OF RESEARCH PLANNING AND POLICY ANALYSIS
40420,DIRECTOR OF SECURITY
40421,DIRECTOR OF SUPPORT SERVICES-PD
40422,DIRECTOR OF TECHNOLOGY DEVELOPMENT-PD
40423,DIRECTOR OF THE OFFICE OF COLLECTIVE BARGAINING
40424,DIRECTOR OF THE OMBUDSMAN PROGRAM
40425,DIRECTOR OF TRAINING
40426,DIRECTOR-OFFICE OF COMMUNICATIONS
40427,DISABILITY ACCOMMODATIONS SPECIALIST
40428,DISTRICT MANAGER
40429,ECONOMIST
40430,EDUCATION ANALYST
40431,EDUCATION ANALYST TRAINEE
40432,EDUCATION OFFICER
40433,EDUCATIONAL ADMINISTRATOR CSA
40434,EDUCATIONAL ADMINISTRATOR UFT
40435,EDUCATIONAL MANAGEMENT ASSOCIATE
40436,ELECTION TRAINER
40437,ELECTION WORKER
40438,ELECTRICAL ENGINEER
40439,ELECTRICAL ENGINEERING INTERN
40440,ELECTRICIAN
40441,ELECTRICIAN'S HELPER
40442,ELEVATOR MECHANIC
40443,ELIGIBILITY SPECIALIST
40444,EMERGENCY MEDICAL SPECIALIST TRAINEE
40445,EMERGENCY MEDICAL SPECIALIST-EMT
40446,EMERGENCY MEDICAL SPECIALIST-PARAMEDIC
40447,EMERGENCY PREPAREDNESS MANAGER
40448,EMERGENCY PREPAREDNESS SPECIALIST
40449,EMPLOYEE ASSISTANCE PROGRAM SPECIALIST
40450,ENGINEERING TECHNICIAN
40451,EOC ADJUNCT LECTURER
40452,EOC ASSISTANT TO HEO
40453,EOC HIGHER EDUCATION OFFICER
40454,EOC IT SUPPORT ASSISTANT
40455,EOC LECTURER
40456,EOC OFFICE ASSISTANT
40457,EQUAL RIGHTS COMPLIANCE SPECIALIST
40458,EVIDENCE AND PROPERTY CONTROL SPECIALIST
40459,EXAMINER OF ACCOUNTS
40460,EXAMINING ATTORNEY
40461,EXEC ASST TO THE DEPUTY COMMISSIONER
40462,EXECUTIVE AGENCY COUNSEL
40463,EXECUTIVE ASSISTANT
40464,EXECUTIVE ASSISTANT FOR PLANNING
40465,EXECUTIVE ASSISTANT TO THE CHAIRMAN
40466,EXECUTIVE ASSISTANT TO THE COMMISSIONER
40467,EXECUTIVE ASSISTANT TO THE COMMISSIONER OF COMMUNITY DEVELOP
40468,EXECUTIVE ASSISTANT TO THE COMPTROLLER
40469,EXECUTIVE ASSISTANT TO THE EXECUTIVE DEPUTY ADM
40470,EXECUTIVE ASSISTANT-MIDTOWN ENFORCEMENT
40471,EXECUTIVE ASST TO THE NYC COMMISSION TO THE UNITED NATIONS
40472,EXECUTIVE ASST-DOMESTIC VIOLENCE-HRA
40473,EXECUTIVE COOK
40474,EXECUTIVE DEPUTY ADMINISTRATOR
40475,EXECUTIVE DIRECTOR
40476,EXECUTIVE DIRECTOR OF FLEET OPERATIONS
40477,EXECUTIVE DIRECTOR OF MATERIALS FOR THE ARTS
40478,EXECUTIVE DIRECTOR ON COMMISSION ON GENDER EQUALITY
40479,EXECUTIVE LEGISLATIVE COORDINATOR
40480,EXECUTIVE PROGRAM SPECIALIST
40481,EXECUTIVE SECRETARY
40482,EXECUTIVE SECRETARY TO THE PUBLIC ADVOCATE
40483,EXTERMINATOR
40484,FACILITIES COORDINATOR
40485,FILM MANAGER
40486,FINANCIAL CLERK
40487,FINGERPRINT TECHNICIAN TRAINEE
40488,FIRE ALARM DISPATCHER
40489,FIRE MARSHAL
40490,FIRE MEDICAL OFFICER
40491,FIRE PROTECTION INSPECTOR
40492,FIREFIGHTER
40493,FIRST ASSISTANT TO THE PUBLIC ADVOCATE
40494,FIRST DEPUTY COMMISSIONER
40495,FIRST DEPUTY COMMISSIONER GENERAL COUNSEL
40496,FIRST DEPUTY COMPTROLLER
40497,FIRST DEPUTY MAYOR
40498,FITNESS INSTRUCTOR
40499,FOOD SERVICE ADMINISTRATOR
40500,FOOD SERVICE MANAGER
40501,FOSTER GRANDPARENT
40502,FRAUD INVESTIGATOR
40503,GEOLOGIST
40504,GLAZIER
40505,GRAPHIC ARTIST
40506,GUIDANCE COUNSELOR
40507,GUIDANCE COUNSELOR ASSIGNED A
40508,GUIDANCE COUNSELOR-REG SUB
40509,HEAD NURSE
40510,HEALTH SERVICES MANAGER
40511,HEALTH SERVICES MANAGER NON MANAGERIAL LEVEL I
40512,HIGH PRESSURE PLANT TENDER
40513,HIGH SCHOOL STUDENT AIDE
40514,HIGHER EDUCATION ASSISTANT
40515,HIGHER EDUCATION ASSOCIATE
40516,HIGHER EDUCATION OFFICER
40517,HIGHER EDUCATION OFFICER/ASST ADMINISTRATOR
40518,HOMEMAKER
40519,HORSESHOER
40520,HOSTLER
40521,HOUSEKEEPER
40522,HOUSING DEVELOPMENT SPECIALIST
40523,HUMAN RESOURCES ADMINISTRATOR
40524,HUMAN RESOURCES TECHNICIAN
40525,HUMAN RIGHTS SPECIALIST
40526,INDUSTRIAL HYGIENIST
40527,INSPECTOR GENERAL
40528,INSTITUTIONAL AIDE
40529,INSTRUCTOR
40530,INSURANCE ADVISOR
40531,INTELLIGENCE RESEARCH MANAGER-PD
40532,INTELLIGENCE RESEARCH SPECIALIST-PD
40533,INVESTIGATIVE MANAGER
40534,INVESTIGATOR
40535,INVESTIGATOR EMPL DISC
40536,INVESTIGATOR TRAINEE
40537,INVESTMENT ANALYST
40538,INVESTMENT MANAGER
40539,IT ASSISTANT
40540,IT ASSOCIATE
40541,IT AUTOMATION AND MONITORING ENGINEER
40542,IT INFRASTRUCTURE ENGINEER
40543,IT PROJECT SPECIALIST
40544,IT SECURITY SPECIALIST
40545,IT SENIOR ASSOCIATE
40546,IT SERVICE MANAGEMENT SPECIALIST
40547,IT SUPPORT ASSISTANT
40548,JOB OPPORTUNITY SPECIALIST
40549,JUVENILE COUNSELOR
40550,LAB SPECIALIST/ASSISTANT
40551,LABOR RELATIONS ANALYST
40552,LABOR RELATIONS TRIAL EXAMINER
40553,LANDMARKS PRESERVATIONIST
40554,LECTURER
40555,LECTURER/DOCTORAL SCHEDULE
40556,LEGAL COORDINATOR
40557,LEGAL SECRETARIAL ASSISTANT
40558,LEGISLATIVE ADMINISTRATIVE ASSISTANT
40559,LEGISLATIVE ADMINISTRATIVE MANAGER
40560,LEGISLATIVE ANALYST
40561,LEGISLATIVE ASSISTANT
40562,LEGISLATIVE CLERK
40563,LEGISLATIVE COMPUTER SUPPORT SPECIALIST
40564,LEGISLATIVE COORDINATOR
40565,LEGISLATIVE COUNSEL
40566,LEGISLATIVE FINANCIAL ANALYST
40567,LEGISLATIVE INFORMATION OFFICER
40568,LEGISLATIVE INTERN
40569,LEGISLATIVE INVESTIGATOR
40570,LEGISLATIVE MESSENGER
40571,LEGISLATIVE POLICY ANALYST
40572,LEGISLATIVE PROGRAMMER/ANALYST
40573,LEGISLATIVE PROJECT MANAGER
40574,LEGISLATIVE SUPPORT SERVICE COORD
40575,LEGISLATIVE SYSTEMS MANAGER
40576,LICENSED BARBER
40577,LIEUTENANT
40578,LIEUTENANT D/A COMMANDER OF DETECTIVE SQUAD
40579,LIEUTENANT D/A SPECIAL ASSIGNMENT
40580,LOCAL INSTRUCTIONAL SUPERVISOR
40581,LOCKSMITH
40582,MACHINIST
40583,MAIL/MESSAGE SERVICES WORKER
40584,MAINTENANCE WORKER
40585,MANAGEMENT AUDITOR
40586,MANAGER OF RADIO REPAIR OPERATIONS
40587,MARINE ENGINEER
40588,MARINE MAINTENANCE MECHANIC
40589,MARINE OILER
40590,MATE
40591,MAYORAL OFFICE ASSISTANT
40592,MAYORAL PROGRAM COORDINATOR
40593,MECHANICAL ENGINEER
40594,MECHANICAL ENGINEERING INTERN
40595,MEDIA SERVICES TECHNICIAN
40596,MEDICAL SPECIALIST
40597,MEDICOLEGAL ANALYST
40598,METAL WORK MECHANIC
40599,MONITOR
40600,MOTOR VEHICLE OPERATOR
40601,MOTOR VEHICLE SUPERVISOR
40602,NEW YORK CITY PUBLIC SERVICE FELLOW
40603,NON-TEACHING ADJUNCT I
40604,NON-TEACHING ADJUNCT II
40605,NON-TEACHING ADJUNCT III
40606,NON-TEACHING ADJUNCT IV
40607,NON-TEACHING ADJUNCT V
40608,NUTRITION CONSULTANT
40609,NYCAPS PROCESS ANALYST
40610,OCCUPATIONAL THERAPIST
40611,OFFICE ASSISTANT
40612,OFFICE MACHINE AIDE
40613,OFFICE MANAGER
40614,OILER
40615,OMBUDSMAN
40616,OPERATIONS COMMUNICATIONS SPECIALIST
40617,P.O. DA DET GR3
40618,P.O. DET SPEC
40619,PAINTER
40620,PARALEGAL AIDE
40621,PARKING CONTROL SPECIALIST
40622,PHOTOGRAPHER
40623,PHYSICAL THERAPIST
40624,PHYSICIAN
40625,PHYSICIAN'S ASSISTANT
40626,PILOT
40627,PLASTERER
40628,PLUMBER
40629,PLUMBER'S HELPER
40630,POLICE ADMINISTRATIVE AIDE
40631,POLICE ATTENDANT
40632,POLICE CADET
40633,POLICE COMMUNICATIONS TECHNICIAN
40634,POLICE OFFICER
40635,POLICE OFFICER D/A DETECTIVE 1ST GR
40636,POLICE OFFICER D/A DETECTIVE 2ND GR
40637,POLICE SURGEON
40638,PRECINCT COMMUNITY RELATIONS AIDE
40639,PRECINCT RECEPTIONIST
40640,PRESIDENT
40641,PRESS OFFICER
40642,PRINCIPAL
40643,PRINCIPAL ADMINISTRATIVE ASSOCIATE -  NON SUPVR
40644,PRINCIPAL ASSIGNED
40645,PRINCIPAL FINGERPRINT TECHNICIAN
40646,PRINCIPAL INVESTMENT OFFICER
40647,PRINCIPAL LEGISLATIVE FINANCIAL ANALYST
40648,PRINCIPAL NUTRITION CONSULTANT
40649,PRINCIPAL PLANNING CONSULTANT
40650,PRINCIPAL POLICE COMMUNICATION TECHNICIAN
40651,PRINCIPAL TITLE EXAMINER
40652,PRINICIPAL HUMAN RIGHTS SPECIALIST
40653,PRINTING PRESS OPERATOR
40654,PROCUREMENT ANALYST
40655,PROFESSOR
40656,PROGRAM EVALUATOR
40657,PROGRAM OFFICER
40658,PROGRAM PRODUCER
40659,PROGRAM RESEARCH ANALYST TO THE PUBLIC ADVOCATE
40660,PROGRAM SPECIALIST  CORRECTION
40661,PROJECT COORDINATOR
40662,PROJECT MANAGER
40663,PROJECT PLANNER
40664,PROTECTION AGENT
40665,PSYCHIATRIST
40666,PSYCHOLOGIST
40667,PSYCHOLOGIST IN TRAIN - REG SUB
40668,PUBLIC ADVOCATE
40669,PUBLIC HEALTH ASSISTANT
40670,PUBLIC HEALTH EDUCATOR
40671,PUBLIC HEALTH SANITARIAN
40672,PUBLIC INFORMATION OFFICER
40673,PUBLIC RECORDS AIDE
40674,PUBLIC RECORDS OFFICER
40675,PUBLIC RELATIONS OFFICER
40676,QUALITY ASSURANCE SPECIALIST
40677,QUALITY ASSURANCE SPECIALIST TRAINEE
40678,RADIO REPAIR MECHANIC
40679,RECREATION DIRECTOR
40680,RECREATION SUPERVISOR
40681,RESEARCH AND LIAISON COORDINATOR
40682,RESEARCH AND LIAISON SPECIALIST
40683,RESEARCH ASSISTANT
40684,RESEARCH LIAISON ADN GOVERNMENTAL COORDINATOR
40685,RESEARCH PROJECTS COORD
40686,RESEARCH PROJECTS COORDINATOR
40687,ROOFER
40688,RUBBER TIRE REPAIRER
40689,SCHOOL BUSINESS MANAGER
40690,SCHOOL COMPUTER TECHNOLOGY SPECIALIST
40691,SCHOOL CROSSING GUARD
40692,SCHOOL FOOD SERVICE MANAGER
40693,SCHOOL LUNCH AIDE
40694,SCHOOL LUNCH ASSISTANT
40695,SCHOOL LUNCH ASSISTANT COOK
40696,SCHOOL LUNCH LOADER AND HANDLER
40697,SCHOOL MEDICAL INSPECTOR
40698,SCHOOL PLANT MANAGER
40699,SCHOOL PSYCHIATRIST
40700,SCHOOL PSYCHOLGIST
40701,SCHOOL SAFETY AGENT
40702,SCHOOL SECRETARY
40703,SCHOOL SECRETARY-REG SUB
40704,SCHOOL SOCIAL WORKER
40705,SCHOOL SOCIAL WORKER - REG SUB
40706,SECOND DEPUTY COMPTROLLER
40707,SECRETARY
40708,SECRETARY OF COMM
40709,SECRETARY OF THE COMMISSION
40710,SECRETARY OF THE TAX COMMISSION
40711,SECRETARY TO CONFLICTS OF INTEREST BOARD
40712,SECRETARY TO ONE DEPUTY COMMISSIONER
40713,SECRETARY TO THE BOARD OF CORRECTION
40714,SECRETARY TO THE COMMISSIONER
40715,SECRETARY TO THE COMMISSIONER OF CORRECTION
40716,SECRETARY TO THE COMPTROLLER
40717,SECRETARY TO THE DEPARTMENT
40718,SECRETARY TO THE DEPUTY COMMISSIONER
40719,SECRETARY TO THE EXCUTIVE ASSISTANT
40720,SECRETARY TO THE EXECUTIVE DIRECTOR
40721,SECRETARY TO THE EXECUTIVE DIRECTOR OF RETIREMENT SYSTEM
40722,SECRETARY TO THE FIRE COMMISSIONER
40723,SECRETARY TO THE FIRST ASSISTANT CORPORATION COUNSEL
40724,SECRETARY TO THE FIRST DEPUTY COMMISSIONER-PD
40725,SECRETARY TO THE HUMAN RESOURCES ADMINISTRATOR
40726,SECRETARY TO THE PRESIDENT
40727,SENIOR ADMINISRATOR
40728,SENIOR ADMINISTRATIVE ASSISTANT
40729,SENIOR ADVISOR TO THE MAYOR
40730,SENIOR BAKER
40731,SENIOR COLLEGE LAB TECH
40732,SENIOR COMPUTER PROGRAMMER
40733,SENIOR CONSULTANT
40734,SENIOR CUSTODIAL SUPERVISOR
40735,SENIOR FIELD SUPERVISOR
40736,SENIOR IT ARCHITECT
40737,SENIOR LEGISLATIVE FINANCIAL ANALYST
40738,SENIOR LEGISLATIVE INVESTIGATOR
40739,SENIOR LEGISLATIVE POLICY ANALYST
40740,SENIOR MANAGEMENT CONSULTANT
40741,SENIOR OFFICE APPLIANCE MAINTAINER
40742,SENIOR PHOTOGRAPHER
40743,SENIOR POLICE ADMINISTRATIVE AIDE
40744,SENIOR POLICY ADVISOR TO THE MAYOR
40745,Senior Project Planner
40746,SENIOR SCHOOL LUNCH AIDE
40747,SENIOR STATIONARY ENGINEER
40748,SENIOR STUDENT LEGAL SPECIALIST
40749,SENIOR SUPERVISOR COMMUNICATION ELECTRICIAN
40750,SENIOR SYSTEMS ANALYSTS
40751,SENIOR TITLE EXAMINER
40752,SENIOR VICE PRESIDENT
40753,SENIOR VOTING MACHINE TECHNICIAN
40754,SERGEANT-
40755,SERGEANT-D/A SPECIAL ASSIGNMENT
40756,SERGEANT-D/A SUPERVISOR DETECTIVE SQUAD
40757,SERVICE INSPECTOR
40758,SHEET METAL WORKER
40759,SIGN LANGUAGE INTERPRETER
40760,SOCIAL WORKER
40761,SPACE ANALYST
40762,SPEAKER/MAJORITY LEADER
40763,SPECIAL ADVISOR TO THE DIRECTOR
40764,SPECIAL ASSISTANT
40765,SPECIAL ASSISTANT TO THE BOROUGH PRESIDENT
40766,SPECIAL ASSISTANT TO THE CHANCELLOR
40767,Special Assistant to the Director
40768,SPECIAL ASSISTANT TO THE FIRE COMMISSIONER
40769,SPECIAL ASSISTANT TO THE HUMAN RESOURCES ADMINISTRATOR
40770,SPECIAL ASSISTANT TO THE MAYOR
40771,SPECIAL DEPUTY COMPTROLLER
40772,SPECIAL INVESTIGATOR
40773,SPECIAL OFFICER
40774,SPVSG FAD-ASST COMMISS DETAIL
40775,SPVSG FAD-DEP DIR DSPTCH DTAIL
40776,SPVSG FAD-DIR DSPTCH OP DETAIL
40777,SR PROJECT PLANNER
40778,STAFF ANALYST
40779,STAFF ANALYST TRAINEE
40780,STAFF ASSISTANT
40781,STAFF NURSE
40782,STATIONARY ENGINEER
40783,STATISTICAL SECRETARY
40784,STEAM FITTER
40785,STEAM FITTER'S HELPER
40786,STENOGRAPHER TO EACH DEPUTY COMMISSIONER
40787,STENOGRAPHIC SPECIALIST
40788,STENOGRAPHIC/SECRETARIAL ASSOCIATE
40789,STOCK WORKER
40790,STRATEGIC INITIATIVE SPECIALIST
40791,STUDENT AIDE
40792,STUDENT LEGAL SPECIALIST
40793,SUBSTANCE ABUSE PREVENTION & INTERVENTION SPECIALIST
40794,SUMMER COLLEGE INTERN
40795,SUMMER GRADUATE INTERN
40796,SUPERINTENDENT OF ADULT INSTITUTIONS
40797,SUPERVISING BLASTING INSPECTOR
40798,SUPERVISING BOOKBINDER
40799,SUPERVISING CHIEF SURGEON
40800,SUPERVISING COMMUNICATION ELECTRICIAN
40801,SUPERVISING COMPUTER SERVICE TECHNICIAN
40802,SUPERVISING EMERGENCY MEDICAL SERVICE SPECIALIST
40803,SUPERVISING EMERGENCY MEDICAL SERVICE SPECIALIST-DPTY CHIEFS
40804,SUPERVISING FIRE ALARM DISPATCHER
40805,SUPERVISING FIRE MARSHAL
40806,SUPERVISING POLICE COMMUNICATIONS TECHNICIAN
40807,SUPERVISING SPECIAL OFFICER
40808,SUPERVISING THERAPIST
40809,SUPERVISOR
40810,SUPERVISOR ASSIGNED
40811,SUPERVISOR CARPENTER
40812,SUPERVISOR ELECTRICIAN
40813,SUPERVISOR I
40814,SUPERVISOR I SOCIAL WORK
40815,SUPERVISOR II
40816,SUPERVISOR II SOCIAL WORK
40817,SUPERVISOR III
40818,SUPERVISOR III SOCIAL WORK
40819,SUPERVISOR LOCKSMITH
40820,SUPERVISOR OF CHILD CARE
40821,SUPERVISOR OF ELECTRICAL INSTALLATIONS & MAINTENANCE
40822,SUPERVISOR OF INVESTIGATORS
40823,SUPERVISOR OF MECHANICAL INSTALLATIONS & MAINTENANCE
40824,SUPERVISOR OF MECHANICS
40825,SUPERVISOR OF MOTOR TRANSPORT
40826,SUPERVISOR OF NURSES
40827,SUPERVISOR OF OFFICE MACHINE OPERATIONS
40828,SUPERVISOR OF SCHOOL SECURITY
40829,SUPERVISOR OF STOCK WORKERS
40830,SUPERVISOR PAINTER
40831,SUPERVISOR PLUMBER
40832,SUPERVISOR ROOFER
40833,SUPERVISOR STEAMFITTER
40834,SUPERVISOR THERMOSTAT REPAIR
40835,SYSTEMS ADMINISTRATOR-CAM FIN BD
40836,TAXI AND LIMOUSINE INSPECTOR
40837,TEACH ASST VOCATION - REG SUB
40838,TEACHER
40839,TEACHER ASSIGNED A
40840,TEACHER ASSIGNED B
40841,TEACHER ATTENDANCE
40842,TEACHER RESOURCE ROOM
40843,TEACHER SPECIAL EDUCATION
40844,TEACHER SPECIAL EDUCATION-REG SUB
40845,TEACHER TRAINER
40846,TEACHER-REG SUB
40847,TELECOMMUNICATION MANAGER
40848,TELECOMMUNICATIONS ASSOCIATE
40849,TELECOMMUNICATIONS MANAGER
40850,TELEPHONE SERVICE TECHNICIAN
40851,TEMPORARY CLERK
40852,TESTS AND MEASUREMENT SPECIALIST
40853,THERMOSTAT REPAIRER
40854,TRACTOR OPERATOR
40855,TRAFFIC ENFORCEMENT AGENT
40856,TRAINER ASSISTANT
40857,TRANSPORTATION SPECIALIST
40858,UFT SCHOOL SECRETARY ASSIGNED - NON SCHOOL BASED- 12 MONTH
40859,UNIVERSITY PROFESSOR
40860,URBAN ARCHEOLOGIST
40861,VICE PRESIDENT
40862,VOTING MACHINE TECHNICIAN
40863,WARDEN
40864,WARDEN-ASSISTANT DEPUTY WARDEN TED < 11/1/92
40865,WARDEN-DEPUTY WARDEN IN COMM TED < 11/1/92
40866,WARDEN-DEPUTY WARDEN TED < 11/1/92
40867,WELDER
40868,WIPER
40869,WORKER'S COMPENSATION BENEFITS EXAMINER
40870,YOUTH COORDINATOR
40871,YOUTH DEVELOPMENT SPECIALIST
40872,
40873,COLLEGE GRAPH DESIGNER
40874,CUNY BROADCAST ASSOCIATE
40875,ADJUNCT SENIOR COLLEGE LAB TECH
40876,SR COLLEGE LABORATORY TECH
40877,COLLEGE PRINT SHOP COORDINATOR
40878,COMPUTER OPERATOR MANAGER
40879,PURCHASING AGENT
40880,PRINCIPAL CUSTODIAL SUPERVISOR
40881,UNIVERSITY ARCHITECT
40882,ADMINISTRATOR SUPT CAMPUS B/G
40883,EOC HIGHER EDUCATION ASSISTANT
40884,EOC HIGHER EDUCATION ASSOCIATE
40885,ASSISTANT PRINCIPAL CUSTODIAL SUPERVISOR
40886,EOC COLLEGE LAB TECHNICIAN
40887,EOC ACCOUNTING ASSISTANT
40888,ASSISTANT MEDIA SERVICES TECHNICAN
40889,EOC ADJUNCT COLLEGE LAB TECH
40890,EOC MAIL/MESSAGE SERVICES WORKER
40891,UNIVERSITY ASSISTANT ADMINISTRATOR
40892,UNIVERSITY ASSISTANT DEAN
40893,UNIVERSITY DEAN
40894,UNIVERSITY PAYROLL ANALYST
40895,UNIVERSITY ADMINISTRATOR
40896,LEAD THEATRE TECHNICIAN
40897,UNIVERSITY ASSISTANT ARCHITECT
40898,ASSISTANT PRINCIPAL ADMIN
40899,HIGH SCHOOL ELEM COUNSELOR
40900,HCCS SR COLLEGE LAB TECH
40901,SUBSTITUTE TEACHER
40902,COACH
40903,ASSISTANT TEACHER
40904,DEPUTY CHANCELLOR FINANCIAL AFFAIRS
40905,COUNSEL TO THE CHANCELLOR
40906,CHIEF SCHOOL BUSINESS EXECUTIVE
40907,SPECIAL ASSISTANT TO MEMBER OF THE BOARD OF EDUCATION
40908,ADMINISTRATIVE SCHOOL FOOD SERVICE MANAGER
40909,EXECUTIVE ASSISTANT TO THE CHANCELLOR
40910,DEPUTY EXECUTIVE DIRECTOR OF FINANCIAL OPERATIONS
40911,DEPUTY AUDITOR GENERAL
40912,CHIEF INFORMATION TECHNOLOGY OFFICER
40913,SENIOR ESTIMATOR
40914,DISTRICT MANAGER OF ADMINISTRATION AND BUSINESS AFFAIRS
40915,SUPERVISOR PLASTERER
40916,CONSTRUCTION LABORER
40917,SECRETARY TO THE DEPUTY CHANCELLOR
40918,ASSOCIATE SCHOOL FOOD SERVICE MANAGER
40919,STAFF AUDIOLOGIST
40920,SECRETARY TO THE CHANCELLOR
40921,INTERPRETER/TRANSLATOR
40922,PRINCIPAL SCHOOL-NEIGHBORHOOD WORKER
40923,SECRETARY TO COMMUNITY SCHOOL BOARD
40924,SENIOR SCHOOL-NEIGHBORHOOD WORKER
40925,DIRECTOR OF HEADSTART PROGRAM
40926,F/T SR. SCHOOL LUNCH HELPER
40927,F/T SCHOOL AIDE
40928,F/T DC 37 FAMILY PARA
40929,F/T SCHOOL LUNCH HELPER
40930,SUPERVISING SCHOOL AIDE
40931,F/T HEALTH SERVICE AIDE
40932,F/T SCHOOL GUARD
40933,SUBSTITUTE RECREATION ASSISTANT
40934,SUBSTITUTE SCHOOL AIDE
40935,SUBSTITUTE SR. SCHOOL LUNCH HELPER
40936,SUBSTITUTE SCHOOL LUNCH HELPER
40937,COOP EDUCATION TRAINEE COMPUTER TECH AIDE/JR
40938,F/T SCHOOL SAFETY OFFICER
40939,COOP EDUCATION TRAINEE COMPUTER TECH AIDE/SR
40940,TEACHER-GENERAL ED
40941,TEACHER-SPECIAL ED
40942,SCHOOL PSYCHOLOGIST
40943,TEACHER- PER SESSION
40944,SUPERVISOR PER SESSION
40945,SCHOOL SECRETARY PER SESSION
40946,SCHOOL PSYCHOLOGIST - REG SUB
40947,TEACHER ASSISTANT - REG SUB
40948,ASPIRING PRINCIPAL
40949,SCHOOL MEDICAL INSPECTOR - REG SUB
40950,ANNUAL ED PARA
40951,ADULT ED-30 H
40952,TEACHER AIDE
40953,SUBSTITUTE ED PARA
40954,PRE-SES ED PARA
40955,ADULT ED-35 H
40956,F/T GROUP LEADER
40957,DIRECTOR OF PROBATION
40958,EXECUTIVE DIRECTOR OF ADMINISTRATION
40959,DEPUTY DIRECTOR OF PROBATION
40960,ADMINISTRATIVE PROBATION OFFICER
40961,PROBATION OFFICER
40962,SUPERVISING PROBATION OFFICER
40963,DISTRICT SUPERVISOR
40964,PROBATION OFFICER TRAINEE
40965,SENIOR MENTAL HEALTH WORKER
40966,PROBATION ASSISTANT
40967,CONTRACT REVIEWER
40968,COMMISSIONER OF BUSINESS SERVICES
40969,PUBLIC RELATIONS ADVISER
40970,COMMISSIONER OF HOUSING PRESERVATION & DEVELOPMENT
40971,ADMINISTRATIVE HOUSING DEVELOPMENT SPECIALIST
40972,ADMINISTRATIVE PROJECT DIRECTOR
40973,DEPUTY COUNSEL
40974,SECRETARY OF THE DEPARTMENT
40975,DIRECTOR OF PROPERTY MANAGEMENT
40976,GENERAL COUNSEL
40977,PRINCIPAL APPRAISER
40978,ADMIN HOUSING DEVELOPMENT SPEC
40979,REPAIR SHOP MANAGER
40980,SENIOR REPAIR CREW CHIEF
40981,MULTIPLE DWELLING SPECIALIST
40982,SUPERVISING DEMOLITION INSPECTOR
40983,ASSOCIATE REAL PROPERTY MANAGER
40984,INSPECTOR
40985,REAL PROPERTY MANAGER
40986,ASSOCIATE REHABILITATION SPECIALIST
40987,SPECIAL ASSISTANT TO THE COMMISSIONER
40988,ESTIMATOR
40989,LEAD ABATEMENT WORKER
40990,REPAIR CREW CHIEF
40991,EXECUTIVE ASSISTANT TO THE DEPUTY COMMISSIONER
40992,DIRECTOR OF NEIGHBORHOOD CONSERVATION
40993,REPAIR CREW WORKER
40994,COMMISSIONER OF BUILDINGS
40995,INSPECTOR ELEVATORS
40996,CHIEF STRATEGY OFFICER
40997,INSPECTOR CONSTRUCTION
40998,BOROUGH COMMISSIONER
40999,ADMINISTRATIVE BOROUGH SUPERINTENDENT
41000,EXECUTIVE INSPECTOR
41001,INSPECTOR PLUMBING
41002,ASSISTANT PLAN EXAMINER
41003,EQUAL EMPLOYMENT OPPORTUNITY OFFICER
41004,SECRETARY TO DEPARTMENT
41005,INSPECTOR HOISTS AND RIGGING
41006,PLAN EXAMINER
41007,SECRETARY TO THE COMMISSIONER OF BLDGS
41008,INSPECTOR BOILERS
41009,SAFETY SPECIALIST
41010,STATISTICIAN
41011,CITY MEDICAL EXAMINER
41012,DEPUTY CHIEF CITY MEDICAL EXAMINER
41013,AGENCY MEDICAL DIRECTOR
41014,DIRECTOR OF FORENSIC BIOLOGY
41015,MEDICOLEGAL INVESTIGATOR
41016,ASST COMMISSIONER
41017,CRIMINALIST DEPUTY DIRECTOR OF LABATORY
41018,HEALTH SERVICES MANAGER NON MANAGERIAL LEVEL II
41019,DEPUTY DIRECTOR OF MEDICOLEGAL INVESTIGATIONS
41020,DIRECTOR OF PUBLIC RELATIONS
41021,CITY DEPUTY MEDICAL DIRECTOR
41022,DEPUTY DIRECTOR OF EMERGENCY MANAGEMENT
41023,POISON INFORMATION SPECIALIST
41024,CITY CLINICIAN
41025,SENIOR MEDICAL SPECIALIST
41026,ASST COMMISSIONER FOR POLICY AND COMMUNITY RESILIENCE
41027,*DIRECTOR OF HEALTH CARE PROGRAM PLANNING/ANALYSIS
41028,PUBLIC HEALTH EPIDEMIOLOGIST
41029,PUBLIC HEALTH EMERGENCY PREPAREDNESS SPECIALIST
41030,FORENSIC MORTUARY TECHNICIAN
41031,ASSISTANT DIRECTOR OF TOXICOLOGY
41032,DIRECTOR OF INTERAGENCY PLANNING
41033,FAMILY PUB HEALTH NURSE
41034,PUBLIC HEALTH NURSE
41035,NURSE PRACTICIONER
41036,SUPERVISING PUBLIC HEALTH ADVISER
41037,REGIONAL DIRECTOR MENTAL HEALTH MENTAL RETARD & ALC SERVICE
41038,*ASSOCIATE EXECUTIVE DIRECTOR
41039,DIRECTOR OF CRISIS ASSISTANCE AND TRAINING
41040,ASSOCIATE LABORATORY MICROBIOLOGIST
41041,JR PHNURSE
41042,X-RAY TECHNICIAN
41043,DIRECTOR OF COMMUNITY ENGAGEMENT AND RESPONSE
41044,DIRECTOR OF PUBLIC HEALTH EMERGENCY PLANNING
41045,CONSULTANT PUBLIC HEALTH NURSE
41046,DIRECTOR OF BIODETECTION AND RESPONSE
41047,*SR MANAGEMENT CONSULTANT
41048,JUNIOR PUBLIC HEALTH NURSE
41049,SPEC CONSULTANT
41050,SPECIAL ADVISOR TO THE MAYOR FOR HEALTH SERVICES
41051,SCIENTIST
41052,NUTRITIONIST
41053,PUBLIC HEALTH ADVISER
41054,CITY DENTIST
41055,PHYSICIST
41056,SPECIAL CONSULTANT
41057,*COORDINATING MANAGER
41058,CITY MORTUARY TECHNICIAN
41059,SR HEALTHCARE PROG PLAN ANLYST
41060,PUBLIC HEALTH/PREVENTIVE MEDICINE RESIDENT
41061,*SUPVSNG SYSTEMS ANALYST
41062,LABORATORY ASSOCIATE
41063,LABORATORY MICROBIOLOGIST
41064,*SR SYSTEMS ANALYST - EDP
41065,CITY VETERINARIAN
41066,*ASSIST COORDINATING MANAGER
41067,DIRECTOR OF NYC MEDICAL RESERVE CORPS
41068,CITY PEST CONTROL AIDE
41069,LABORATORY HELPER
41070,HEALTH CARE PROG PLAN/ANALYST
41071,NURSE'S AIDE
41072,ASST PB HLTH ADV
41073,ENVIRONMENTAL HEALTH TECHNICIAN
41074,ADMINISTRATIVE LAW JUDGE
41075,EXECUTIVE ASSISTANT TO THE CHIEF ADMINISTRATIVE LAW JUDGE
41076,HEARING OFFICER
41077,CONFIDENTIAL SECRETARY OF ADMINISTRATIVE LAW JUDGE
41078,CHIEF ADMINISTRATIVE LAW JUDGE
41079,MEMBER OF THE ENVIRONMENTAL CONTROL BOARD - OATH
41080,COMMISSIONER OF ENVIRONMENTAL PROTECTION
41081,SEWAGE TREATMENT WORKER
41082,SENIOR SEWAGE TREATMENT WORKER
41083,ADMINISTRATIVE DIRECTOR OF LABORATORY
41084,EXECUTIVE CHIEF OF STAFF
41085,SUPERINTENDENT OF WATER AND SEWER SYSTEMS
41086,ENVIRONMENTAL POLICE OFFICER-MANAGERIAL
41087,DIRECTOR OF TECHNICAL SERVICES
41088,CHIEF MARINE ENGINEER
41089,ASSOCIATE CHEMIST
41090,ASSOCIATE AIR POLLUTION INSPR
41091,SENIOR ADVISER TO THE COMMISSIONER
41092,PORT MARINE ENGINEER
41093,CONFIDENTIAL ASST TO THE EXECUTIVE DEPUTY COMMISSIONER
41094,WATERSHED MAINTAINER
41095,MARINER
41096,ASSOCIATE WATER USE INPECTOR
41097,CHEMICAL ENGINEER
41098,EXECUTIVE ASST TO THE COMMISSIONER
41099,ENVIRONMENTAL POLICE OFFICER
41100,MACHINIST'S HELPER
41101,MARINE ELECTRONICS TECHNICIAN
41102,SURVEYOR
41103,INSTRUMENTAL SPECIALIST
41104,ASSISTANT CHEMICAL ENGINEER
41105,GARDENER
41106,AIR POLLUTION INSPECTOR
41107,HELICOPTER PILOT
41108,ADMINISTRATIVE HORTICULTURIST
41109,HELICOPTER MECHANIC
41110,APPRENTICE
41111,LANDSCAPE ARCHITECT
41112,CIVIL ENGINEERING INTERN
41113,WATER USE INSPECTOR
41114,ENVIRONMENTAL ENGINEERING INTERN
41115,SECRETARY TO THE EXEC DEPUTY COMMISSIONER
41116,ASSISTANT LANDSCAPE ARCHITECT
41117,INSTRUMENTAL SPECIALIST TRAINEE
41118,CHEMICAL ENGINEERING INTERN
41119,CITY PARK WORKER
41120,CITY PLANNING TECHNICIAN
41121,CITY SEASONAL AIDE
41122,PROJECT MANAGER INTERN#
41123,ASSOCIATE PARK SERVICE WORKER
41124,COMMISSIONER OF SANITATION
41125,GENERAL SUPERINTENDENT
41126,MEDICAL DIRECTOR
41127,SANITATION WORKER
41128,DEPUTY DIRECTOR OF MOTOR EQUIPMENT MAINTENANCE
41129,DEP DIR MTR EQ MNTC
41130,DIRECTOR OF MOTOR EQUIPMENT MAINTENANCE-NM
41131,CONFIDENTIAL ASSISTANT TO THE COMMISSIONER
41132,SUPERVISOR OF IRONWORK
41133,SUPERVISOR BRICKLAYER
41134,BLACKSMITH
41135,ADMINISTRATIVE SANITATION ENFORCEMENT AGENT
41136,MEDICAL RECORD LIBRARIAN
41137,LETTERER AND SIGN PAINTER
41138,ASSOCIATE SANITATION ENFORCEMENT AGENT
41139,SANITATION ENFORCEMENT AGENT
41140,SANITATION COMPLIANCE AGENT
41141,JOB TRAINING PARTICIPANT
41142,CARRIAGE UPHOLSTERER
41143,CHAIR
41144,DIRECTOR OF INVESTIGATIVE AUDITS
41145,DEPUTY COMMISSIONER OF INVESTIGATIONS
41146,DIRECTOR OF INVESTIGATIONS
41147,MARKET AGENT
41148,DEPUTY CITY SHERIFF - NON-SPVR
41149,SUPERVISING DEPUTY SHERIFF - AL 1 ONLY 40 HR
41150,CITY REGISTER
41151,ADMINISTRATIVE TAX AUDITOR
41152,ADMINISTRATIVE DEPUTY REGISTER
41153,CITY TAX AUDITOR
41154,TAX MAP CARTOGRAPHER
41155,SECRETARY TO DEPUTY COMMISSIONER
41156,MOTOR GRADER OPERATOR
41157,DECKHAND
41158,CRANE OPERATOR AMPES
41159,GASOLINE ROLLER ENGINEER-L15
41160,SUPERVISOR HIGHWAY REPAIRER
41161,AREA SUPERVISOR
41162,SUPERVISOR SHEET METAL WORKER
41163,SUPERVISOR SHIP CARPENTER
41164,ADMINISTRATIVE SUPERINTENDENT OF HIGHWAY OPERATIONS
41165,SUPERVISOR DOCKBUILDER
41166,RIGGER
41167,SUPERVISOR BRIDGE REPAIRER AND RIVETER
41168,HIGHWAY REPAIRER
41169,BOILER MAKER
41170,SHIP CARPENTER
41171,FERRY TERMINAL SUPERVISOR
41172,DOCKBUILDER
41173,BRIDGE REPAIRER AND RIVETER
41174,ADMINISTRATIVE SUPERINTENDENT OF BRIDGE OPERATIONS
41175,SUPERVISOR BRIDGE PAINTER
41176,ASSISTANT CAPTAIN
41177,ASSISTANT DIRECTOR
41178,BRIDGE OPERATOR
41179,SUPERVISOR OF TRAFFIC DEVICE MAINTAINERS
41180,BRIDGE PAINTER
41181,SUPERVISOR OF TRAFFIC DEVICE MAINTAINERS LEVEL 1 ONLY
41182,HIGHWAYS AND SEWERS INSPECTOR
41183,TRAFFIC DEVICE MAINTAINER
41184,TRAFFIC CONTROL INSPECTOR
41185,BLACKSMITH'S HELPER
41186,APPRENTICE INSPECTOR
41187,ASSISTANT CITY HIGHWAY REPAIRER
41188,CLIMBER & PRUNER
41189,SENIOR SERVICE INSPECTOR
41190,ASSISTANT PRINTING PRESS OPERATOR
41191,CITY PARKING EQUIPMENT SERVICE WORKER
41192,ASSISTANT ACCOUNTANT
41193,CITY DEBRIS REMOVER
41194,ASSISTANT HIGHWAY TRANSPORTATION SPECIALIST
41195,HIGHWAY TRANSPORTATION SPECIALIST
41196,COMMISSIONER OF PARKS & RECREATION
41197,CHIEF LIFEGUARD
41198,ASSISTANT TO THE COMMISSIONER OF PARKS AND RECREATION
41199,MANAGER OF PARK LICENSE AGREEMENTS
41200,DEPUTY CHIEF OF OPERATIONS
41201,DEPUTY BOROUGH COMMISSIONER
41202,ADMINISTRATIVE PARKS & RECREATION MANAGER
41203,PARK SUPERVISOR
41204,DIRECTOR OF COMMUNITY INVOLVEMENT
41205,MASONS HELPER
41206,ENVIRONMENTAL ENGINEER
41207,DIRECTOR OF NEIGHBORHOOD PARK RESTORATION
41208,DIRECTOR OF URBAN PARK RANGER PROGRAM
41209,MONUMENTS OFFICER
41210,ASSOCIATE URBAN PARK RANGER
41211,URBAN PARK RANGER
41212,SUPERVISING DOCKMASTER
41213,LIFE GUARD
41214,FORESTER
41215,DIRECTOR OF PUPPETRY
41216,RECREATION SPECIALIST
41217,CONSTRUCTION PROJECT MANAGER INTERN
41218,PUPPETEER
41219,PLAYGROUND ASSOCIATE
41220,LANDSCAPE ARCHITECT INTERN
41221,COOPERATIVE EDUCATION TRAINEE-SEASONAL PARK HELP
41222,DEPUTY COMMISSIONER FOR POLICY AND ANALYSIS
41223,ASS COMMISSIONER DESIGN AND CONSTRUCTION MANAGEMENT
41224,ADMINISTRATIVE LANDSCAPE ARCHITECT
41225,DIRECTOR FOR EQUAL EMPLOYEMENT OPPORTUNITY
41226,SECRETARY TO THE COMMISSIONER OF DDC
41227,SENIOR POLICY ADVISOR
41228,ASBESTOS HAZARD INVESTIGATOR
41229,COOPERATIVE EDUCATION TRAINEE - ENGINEERING AIDE
41230,SECRETARY OF COMMISSIONER
41231,SUPERVISOR OF RADIO AND TELEVISION OPERATORS
41232,ASSOCIATE CALL CENTER REPRESENTATIVE-NON-SPVR
41233,RADIO AND TELEVISION OPERATOR
41234,Associate Commissioner
41235,COMMISSIONER OF DEPT OF INFO TECHNOLOGY & TELECOMMUNICATIONS
41236,DIRECTOR OF TELEVISION
41237,CALL CENTER REPRESENTATIVE
41238,Executive Program Specialist
41239,CONSUMER ADVOCATE
41240,DIRECTOR OF CONSUMER INFORMATION
41241,CONFIDENTIAL EXAMINER
41242,DEPUTY COMMISSIONER FOR CITY PERSONNEL SERVICES
41243,DIRECTOR OF ENERGY CONSERVATION
41244,SUPERVISOR ELEVATOR MECHANIC
41245,DIRECTOR OF THE CITY RECORD
41246,CITY SECURITY AIDE
41247,ELEVATOR MECHANIC HELPER
41248,SPECIAL EXAMINER
41249,NEW YORK CITY FELLOW
41250,NEW YORK CITY URBAN FELLOW
41251,SPECIAL ASSISTANT TO THE FIRST DEPUTY COMMISSIONER
41252,ASSISTANT DISTRICT ATTORNEY
41253,DISTRICT ATTORNEY
41254,ADMINISTRATIVE CHIEF
41255,PRINCIPAL ACCOUNTANT INVESTIGATOR
41256,CHIEF INVESTIGATING ACCOUNTANT
41257,REPORTER/ STENOGRAPHER
41258,COUNTY DETECTIVE
41259,SENIOR SECRETARY
41260,INTERPRETER
41261,SENIOR ACCOUNTANT INVESTIGATOR
41262,SUPERVISING ACCOUNTANT INVESTIGATOR
41263,SPECIAL ASSISTANT TO THE DISTRICT ATTORNEY
41264,PRIVATE SECRETARY
41265,STUDENT LEGAL ASSISTANT
41266,CHIEF RACKETS INVESTIGATOR
41267,DIRECTOR OF ALT SENTENCING AND OFFENDER RE-ENTRY PROGS QN DA
41268,DIRECTOR OF CRIMINAL JUSTICE DATA SHARE AND INFO SERVS QN DA
41269,DIRECTOR OF INVEST ACCOUNTING AND ECON CRIMES INVESTIGATION
41270,SPECIAL ASSISTANT TO DA
41271,DIRECTOR OF ELDER ABUSE PROGRAM SERVICES QN DA
41272,SENIOR RACKETS INVESTIGATOR - START >4-24-08 NO ABC
41273,SPECIAL ASSISTANT DISTRICT ATTORNEY
41274,DEPUTY CHIEF RACKETS INVESTIGATOR
41275,CONFIDENTIAL SECRETARY
41276,DEPUTY PUBLIC ADMINISTATOR
41277,DECEDENT PROPERTY AGENT
41278,PUBLIC ADMINISTRATOR
41279,SECRETARY TO PUBLIC ADMINISTRATOR
41280,CONTROLLER
41281,ADMINISTRATIVE HOUSING MANAGER
41282,Director of Public and Community Relations
41283,DIRECTOR OF DEVELOPMENT
41284,DIRECTOR OF CONTRACT ADMINISTRATION
41285,RESIDENT BUILDING SUPERINTENDENT
41286,ADMINISTRATIVE HOUSING SUPERINTENDENT
41287,SUPERVISOR GLAZIER
41288,DIRECTOR OR MANAGEMENT
41289,HOUSING MANAGER
41290,DIRECTOR OF EQUAL OPPORTUNITY
41291,OIL BURNER SPECIALIST
41292,DEPUTY DIRECTOR OF DESIGN
41293,*ADMINISTRATIVE ATTORNEY
41294,HEATING PLANT TECHNICIAN
41295,ADMINISTRATIVE SUPERVISOR OF SKILLED TRADES
41296,HEARING EXAMINER
41297,ASSISTANT RESIDENT BUILDING SUPT
41298,DIR OF QUALITY & COST CONTROL
41299,DIRECTOR OF METHODS & ANALYSIS
41300,SUPERVISING HOUSING GROUNDSKEEPER
41301,SPECIAL ASSISTANT TO THE DEPUTY EXECUTIVE DIRECTOR
41302,DIRECTOR OF TENANT & COMMUNITY AFFAIRS
41303,ASSISTANT HOUSING MANAGER
41304,ASSISTANT TO THE CHAIRMAN
41305,CARETAKER
41306,SUPERVISOR OF HOUSING STOCK WORKERS
41307,SUPERVISOR OF HOUSING CARETAKER
41308,HOUSING EXTERMINATOR-AL IV
41309,HOUSING ASSISTANT
41310,ASSOC INSPECTOR
41311,DIRECTOR OF CONSTRUCTION
41312,SECRETARY TO DEPUTY EXECUTIVE DIRECTOR
41313,HOUSING EXTERMINATOR
41314,DIRECTOR OF REVIEW & COUNSELING
41315,HOUSING EXTERMINATOR-AL II & III
41316,EMERGENCY SERVICE AIDE
41317,HOUSING STOCK WORKER
41318,HOUSING DEVELOPMENT SPECIALIST TRAINEE
41319,LABOR RELATIONS ANALYST TRAINEE
41320,SENIOR GENERAL DEPUTY MANAGER
41321,LEGAL SECRETARIAL ASSISTANT - AL 1 ONLY
41322,DIRECTOR OF INFORMATION SYSTEMS
41323,LEGISLATIVE AIDE
41324,PRINCIPAL ADMINISTRATIVE ASSOCIATE - LEV 1 & 2 NON SUPVR
41325,ADM MANAGER-NON-MGRL FROM M1/M2
41326,FISCAL AND POLICY ANALYST
41327,CONFIDENTIAL ASSISTANT TO BORO PRESIDENT
41328,ASST PROJECT PLANNER
41329,PENSION INVESTMENT ADVISOR
41330,ADMINISTRATION PUBLIC RECORD OFFICER
41331,DIRECTOR OF ADMINISTRATION
41332,SPECIAL COMMISSIONER OF INVESTIGATION-NYC SCHOOL DIST. DOI
41333,ADMINISTRATIVE BLASTING INSPECTOR
41334,PLANNER: PRODUCTION CNTRL & SCHEDULING
41335,ASSOCIATE JUVENILE COUNSELOR
41336,CHILDREN'S COUNSELOR
41337,SUPERINTENDENT
41338,PROGRAM COORDINATOR
41339,ASSISTANT ADMINISTRATOR OF PUBLIC AFFAIRS
41340,*ADM DIR FLEET MAINTENANCE - NM
41341,LEGISLATIVE ATTORNEY
41342,PRINCIPAL INVESTIGATOR
41343,DIRECTOR-OFFICE OF POLICY
41344,SPECIAL ADVISOR TO CITY CLERK
41345,FIELD SUPERVISOR
41346,EXECUTIVE ASSISTANT TO THE DIRECTOR
41347,?ASSISTANT PURCHASING AGENT
41348,CHIEF ADMINISTRATIVE SUPT CAMPUS B/G
41349,?PURCHASING AGENT
41350,EOC ASSISTANT
41351,DISTINGUISHED LECTURER
41352,EDUCATION & VOCAT COUNSELOR
41353,*CERTIFIED APPLICATIONS DEVELOPER
41354,INVESTMENT TRUSTEE - DEFERRED COMPENSATION
41355,REGIONAL INSTRUCTIONAL SUPERINTENDENT
41356,DEPUTY COMMUNITY SUPERINTENDENT
41357,NEW PRINCIPAL INTERN
41358,TEACHER ATTENDANCE-REG SUB
41359,COOP TRAINEE TYPIST
41360,ASSOCIATE COMMISSIONER
41361,CHIEF ASSET MANAGEMENT OFFICER
41362,*SUPERVISOR
41363,ADMINISTRATIVE CONSULTANT
41364,FORENSIC MORTUARY TECHNICIAN-COORD OF MORTUARY SERVICES
41365,COMPUTER PROGRAMMER ANALYST TRAINEE
41366,MEDICAL INVESTIGATOR
41367,*FIRST ASST MARINE ENGINEER
41368,ADMIN DIR OF LABORATORY
41369,CITY COLLECTOR
41370,MORTGAGE TAX EXAMINER
41371,SUPERVISOR BOILER MAKER
41372,SUPERVISOR OF TRAFFIC DEVICE MAINTAINERS L2 & L3
41373,AUTOMOTIVE SPECIALIST
41374,ASSOCIATE OPERATIONS COMMUNICATIONS SPECIALIST
41375,DIRECTOR OF REGIONAL JOINT INTEREST PARK
41376,PARK BOROUGH COMMISSIONER
41377,BOROUGH DIRECTOR OF RECREATION
41378,TRAFFIC ENFORC AGENT-L 3 & 4 ONLY
41379,TRAFFIC ENFORCEMENT AGENT AL 1 & 2 ONLY
41380,CAPTAIN DETAILED AS CHIEF OF PATROL
41381,DIRECTOR EMPLOYEE MANAGEMENT DIVISION
41382,GENERAL INSPECTOR
41383,ASSISTANT TO THE COMMISSIONER
41384,NYCAPS PROCESS ANALYST MANAGER
41385,EXECUTIVE DIRECTOR OF STANDARDS AND APPEALS
41386,REAL PROPERTY ASSISTANT
41387,RACKETS INVESTIGATOR - START >4-24-08 NO ABC
41388,SUPERVISING RACKETS INVESTIGATOR START >4-24-08 NO ABC
41389,SUPERVISING RACKETS INVESTIGATOR
41390,CONFIDENTIAL SECY
41391,DIRECTOR OF LEASED HOUSING
41392,DIRECTOR OF PUBLIC & COMMUNITY RELATIONS
41393,DEP DIRECTOR OF PERSONNEL & LR
41394,ASSISTANT DIRECTOR OF INTERGROUP RELATIONS
41395,SECRETARY TO THE CHAIRMAN
41396,SENIOR INTERGROUP RELATIONS OFFICER
41397,CAPTAIN DETAILED AS CHIEF OF PERSONNEL
41398,DIRECTOR OF DEPARTMENT ADVOCATES OFFICE
41399,DIRECTOR MANAGEMENT INFORMATION SYSTEMS
41400,SURGEON DETAILED AS DEPUTY CHIEF SURGEON
41401,ASSISTANT ADVOCATE-PD
41402,CHIEF OF STAFF - MAYOR'S OFFICE
41403,CERTIFIED LOCAL AREA NETWORK ADMINISTRATOR
41404,CERTIFIED DATABASE ADMINISTRATOR
41405,SENIOR COOK
41406,COOK
41407,CERTIFIED WIDE AREA NETWORK ADMINISTRATOR
41408,CUSTODIAL ASSISTANT
41409,SPECIAL ASSISTANT TO COMMISSIONER
41410,CERTIFIED APPLICATIONS DEVELOPER
41411,ASSOCIATE EDUCATION OFFICER
41412,DIRECTOR OF HEALTH CARE PROGRAM PLANNING/ANALYSIS
41413,ASSOCIATE EXECUTIVE DIRECTOR
41414,SR MANAGEMENT CONSULTANT
41415,COORDINATING MANAGER
41416,SUPVSNG SYSTEMS ANALYST
41417,SR SYSTEMS ANALYST - EDP
41418,ASSIST COORDINATING MANAGER
41419,FIRST ASST MARINE ENGINEER
41420,DIRECTOR OF RESEARCH & POLICY DEVELOPMENT
41421,ADMINISTRATIVE ATTORNEY
41422,DIRECTOR OF HUD ACQUIRED PROPERTIES
41423,MANAGEMENT AUDITOR TRAINEE
41424,ADMIN SCHL SECUR MGR-MGL
41425,CAPTAIN DETAILED AS CHIEF OF INTERAGENCY OPERATIONS
41426,DEPUTY ADMINISTRATOR/COMSNR-DOS
41427,CAPTAIN DETAILED AS CHIEF OF RISK MANAGEMENT
41428,COMMISSIONER OF DESIGN & CONSTRUCTION
41429,DIRECTOR OF ORGANIZED CRIME CONTROL-PD
41430,EXECUTIVE DIR OF ADMINISTRATION
41431,ELECTRICIANS HELPER
41432,DIRECTOR OF CRIMINAL JUSTICE
41433,DIR OF HEALTHCARE FACILITIES AND PROVIDER READINESS
41434,DIRECTOR OF PARENT INVOLVEMENT
41435,EXECUTIVE DIRECTOR OF HEALTHCARE SYSTEMS READINESS
41436,COUNCIL MEMBER AIDE
41437,DIRECTOR FOR EQUAL EMPLOYMENT OPPORTUNITY
41438,DIRECTOR OF COMMUNITY PARTICIPATION PROGRAMS
41439,ASSISTANT COMMISSIONER FOR FACILITIES DEVELOPMENT & CONST
41440,COMMISSIONER OF FINANCE
41441,COMMISSIONER OF TRANSPORTATION
41442,DIRECTOR OF BUREAU OF CONSUMER SERVICES
41443,ASSOC ADM FOR PURCHASING MATERIALS MGT & ENVIR CONTROL
41444,PUBLIC HEALTH PREVENTATIVE MEDICINE RESIDENT
41445,HOUSING ASSISTANT TRAINEE
41446,SENIOR RACKETS INVESTIGATOR
